Workbook

Sheet Cover Page
C1: Practical Software Engineering Series
B2: TEST SUMMARY REPORT
E3: Version : 0.1
B5: Document Control information
B6: Faculty | C6: Faculty of Information Technology
B7: Issue Date:
B8: Author:
B9: Confidential Class:
B10: Document Revision History
B11: Date | C11: Version | D11: Description | E11: Revised by

Sheet 0. Project Information
B2: TEST SUMMARY REPORT
B4: Project Information
B5: Project Name
B6: Description
B7: Issue Date
B8: Author
B9: Reviewer Information | C9: Name | D9: Department | E9: Position
B11: Approver Information

Sheet 1. Summary Report
B2: TEST SUMMARY REPORT
B4: OVERALL INFORMATION
B5: Test Purpose
B6: Number of testers
B8: OVERALL STATUS
B9: Total Number of Test Cases | C9: =G12+C13+C14 -> 0
B10: Executed | C10: Passed | G10: ='Data Range'!E2 -> 0
C11: Failed | G11: ='Data Range'!E3 -> 0
C12: Total Tests Executed (Passed + Failed) | G12: =SUM('1. Summary Report'!G10:I11) -> 0
B13: Not Executed | C13: ='Data Range'!E4 -> 0
B14: Blocked | C14: ='Data Range'!E5 -> 0
B15: Number of Defects | C15: Critical | E15: High | G15: Medium
C16: Total Defects (Critical + High + Medium) | G16: =D15+F15+I15 -> 0
B18: Test Subject | C18: Priority | D18: Total Test Cases | E18: Test Runs | J18: Defects | N18: Comments
E19: Status | I19: Fail Rate | J19: Total Defects | K19: Line of code (LOC) | L19: Defects fixed | M19: Fixed Rate
E20: Passed | F20: Failed | G20: Not Executed | H20: Blocked
B21: Chỉ tạo được vé bán khi đã đã tạo đầy đủ Phim, phòng chiếu, ghế, | C21: High | D21: 3 | E21: 2 | F21: 1 | G21: 0 | H21: 0 | I21: =IFERROR(F21/D21,0) -> 0.33333333 | M21: =IFERROR(L21/J21,0) -> 0
B22: Chỉ bán được vé khi đã tạo vé bán thành công | C22: High | D22: 8 | E22: 2 | F22: 3 | G22: 1 | H22: 2 | I22: =IFERROR(F22/D22,0) -> 0.375 | M22: =IFERROR(L22/J22,0) -> 0
D23: =SUM(E23:H23) -> 0 | I23: =IFERROR(F23/D23,0) -> 0 | M23: =IFERROR(L23/J23,0) -> 0
D24: =SUM(E24:H24) -> 0 | I24: =IFERROR(F24/D24,0) -> 0 | M24: =IFERROR(L24/J24,0) -> 0
D25: =SUM(E25:H25) -> 0 | I25: =IFERROR(F25/D25,0) -> 0 | M25: =IFERROR(L25/J25,0) -> 0
D26: =SUM(E26:H26) -> 0 | I26: =IFERROR(F26/D26,0) -> 0 | M26: =IFERROR(L26/J26,0) -> 0
D27: =SUM(E27:H27) -> 0 | I27: =IFERROR(F27/D27,0) -> 0 | M27: =IFERROR(L27/J27,0) -> 0
D28: =SUM(E28:H28) -> 0 | I28: =IFERROR(F28/D28,0) -> 0 | M28: =IFERROR(L28/J28,0) -> 0
D29: =SUM(E29:H29) -> 0 | I29: =IFERROR(F29/D29,0) -> 0 | M29: =IFERROR(L29/J29,0) -> 0
D30: =SUM(E30:H30) -> 0 | I30: =IFERROR(F30/D30,0) -> 0 | M30: =IFERROR(L30/J30,0) -> 0
D31: =SUM(E31:H31) -> 0 | I31: =IFERROR(F31/D31,0) -> 0 | M31: =IFERROR(L31/J31,0) -> 0
D32: =SUM(E32:H32) -> 0 | I32: =IFERROR(F32/D32,0) -> 0 | M32: =IFERROR(L32/J32,0) -> 0
D33: =SUM(E33:H33) -> 0 | I33: =IFERROR(F33/D33,0) -> 0 | M33: =IFERROR(L33/J33,0) -> 0
D34: =SUM(E34:H34) -> 0 | I34: =IFERROR(F34/D34,0) -> 0 | M34: =IFERROR(L34/J34,0) -> 0

Sheet 2. Defects Report
B2: DEFECTS REPORT
B4: No. | C4: Test Subject | D4: Defect ID | E4: Title | F4: Steps to Reproduce | G4: Evidences | I4: Expected Result | J4: Actual Result | K4: Priority | L4: Severity | M4: Status | N4: Raised By | O4: Raised Date | P4: Tested on build version | Q4: Testcases Referred
B5: 1 | C5: Thêm Khóa mới | D5: DF_TK_01 | E5: Hệ thống không báo lỗi khi người dùng tạo khóa mới trùng lặp cho cùng một ngành học. | F5: 1. Đăng nhập vào bằng tài khoản của Faculty và chọn thêm khóa mới 2. Trên giao diện Thêm Khóa mới, chọn ngành học từ danh sách, nhập Khóa trùng với khóa đã tồn tại cho Ngành học đã chọn và chọn Lưu. | G5: hính 1 | I5: Sau khi thực hiện bước 2, hệ thống phải thông báo Khóa này đã tồn tại cho ngành học đã chọn. | J5: Hệ thống vẫn cho phép lưu thành công mà không có thông báo. | K5: High | L5: High | M5: New | P5: 1.0
B7: 2 | C7: Import Thay thế TKB mới bị lỗi | D7: DF_TK_02 | E7: Import thay thê TKB mới bị lỗi khi TKB mới it record hơn cũ, một số record cũ không bị xóa | F7: 1. Thực hiện import TKB.xls có 5 items với 3 gv, role BCN | I7: TKB mới thay thế hoàn toàn TKB cũ | J7: gv bị xóa vẫn có TKB | K7: High | L7: High | M7: New | N7: Bảo Nguyễn | O7: 45957 | P7: 1.0 | Q7: F_IN_01.02
F8: 2. Sửa lại file TKB.xls còn 4 items với 2 gv, import thay thê TKB cũ, role BCN
F9: 3. Login bằng TK gv bị xóa, thì vẫn thấy TKB | G9: Hình 2

Sheet Evident
F16: Hình 1 - Lỗi 1
E47: Back | G47: Hình 2 - Lỗi 2

Sheet Data Range
B1: Overall Progress | D1: Test Run Status
B2: On time | D2: Passed | E2: 0 | G2: Test Subject | H2: Critical | I2: High | J2: Medium
B3: Delayed | D3: Failed | E3: 0 | G3: Login | H3: 0 | I3: 2 | J3: 3
B4: Stopped | D4: Not Executed | E4: 0 | G4: Add Product | H4: 1 | I4: 2 | J4: 2
D5: Blocked | E5: 0 | G5: Update Product | H5: 0 | I5: 3 | J5: 1
B6: Priority | G6: Delete Product | H6: 1 | I6: 1 | J6: 0
B7: High | G7: Add Order | H7: 0 | I7: 3 | J7: 1
B8: Medium | G8: Update Order | H8: 0 | I8: 0 | J8: 2
B9: Low | G9: Delete Order | H9: 0 | I9: 1 | J9: 2
G10: Add Shopping Cart | H10: 0 | I10: 2 | J10: 1
B11: Severity | G11: Update Shopping Cart | H11: 0 | I11: 1 | J11: 1
B12: Critical | G12: Create Order | H12: 1 | I12: 3 | J12: 2
B13: High
B14: Medium
B15: Low
